{
    "name": "Discord",
    "icon": "minecraft:ender_eye",
    "category": "useful_links",
	"sortnum": 1,
    "pages": [
        {
            "type": "text",
            "text": "The Discord server of the modpack is available for general discussion,$(br)finding servers, modpack news, and more.$(br2)Please make sure to not go there for support as it is not recommended. Go to$(br)the $(l:getting_support)issue tracker$() instead."
        },
		{
            "type": "link",
            "text": "In order to get to the Discord Server of the modpack, please click the link bellow.$(br2)Please make sure you are registered to Discord in order to join the server.$(br2) $(br2)           ⇩ ⇩ ⇩",
			"url": "http://bit.ly/The-1-12-2-Pack-Discord-Invite",
			"link_text": "Discord Server"
        }
    ]
}
