{
	"images": {
		"title": {
			"image": "the1122pack:textures/mainmenu/modpack_logo.png",
			"posX": -170,
			"posY": 0,
			"width": 333,
			"height": 198,
			"imageWidth": 1482,
			"imageHeight": 880,
			"alignment": "top_center"
		}
	},
	"buttons": {
		"singleplayer": {
			"text": "menu.singleplayer",
			"texture": "the1122pack:textures/mainmenu/btn.png",
			"hoverTextColor": 5308415,
			"alignment": "bottom_left",
			"textOffsetX": -50,
			"posX": 10,
			"posY": -140,
			"width": 200,
			"height": 20,
			"imageWidth": 200,
			"imageHeight": 20,
			"action": {
				"type": "openGui",
				"gui": "singleplayer"
			}
		},
		"multiplayer": {
			"text": "menu.multiplayer",
			"texture": "the1122pack:textures/mainmenu/btn.png",
			"hoverTextColor": 5308415,
			"alignment": "bottom_left",
			"textOffsetX": -54,
			"posX": 10,
			"posY": -120,
			"width": 200,
			"height": 20,
			"imageWidth": 200,
			"imageHeight": 20,
			"action": {
				"type": "openGui",
				"gui": "multiplayer"
			}
		},
		"hostedserver": {
			"text": "Get a Server",
			"texture": "the1122pack:textures/mainmenu/btn.png",
			"hoverTextColor": 5308415,
			"alignment": "bottom_left",
			"textOffsetX": -49,
			"posX": 10,
			"posY": -100,
			"width": 200,
			"height": 20,
			"imageWidth": 200,
			"imageHeight": 20,
			"action": {
				"type": "openLink",
				"link": "http://bit.ly/The-1-12-2-Pack-Akliz"
			}
		},
		"options": {
			"text": "menu.options",
			"texture": "the1122pack:textures/mainmenu/btn.png",
			"hoverTextColor": 5308415,
			"alignment": "bottom_left",
			"textOffsetX": -60,
			"posX": 10,
			"posY": -80,
			"width": 200,
			"height": 20,
			"imageWidth": 200,
			"imageHeight": 20,
			"action": {
				"type": "openGui",
				"gui": "options"
			}
		},
		"quit": {
			"text": "Quit Game",
			"texture": "the1122pack:textures/mainmenu/btn.png",
			"hoverTextColor": 5308415,
			"alignment": "bottom_left",
			"textOffsetX": -58,
			"posX": 10,
			"posY": -60,
			"width": 200,
			"height": 20,
			"imageWidth": 200,
			"imageHeight": 20,
			"pressSound": "the1122pack:textures/mainmenu/blank.ogg",
			"action": {
				"type": "quit"
			}
		},
		"issuetracker": {
			"text": "Issue Tracker",
			"textOffsetX": 45,
			"texture": "the1122pack:textures/mainmenu/btn.png",
			"hoverTextColor": 5308415,
			"alignment": "bottom_right",
			"posX": -210,
			"posY": -140,
			"width": 200,
			"height": 20,
			"imageWidth": 200,
			"imageHeight": 20,
			"action": {
				"type": "openLink",
				"link": "http://bit.ly/The-1-12-2-Pack-Issues"
			}
		},
		"discord": {
			"text": "Discord",
			"textOffsetX": 63,
			"texture": "the1122pack:textures/mainmenu/btn.png",
			"hoverTextColor": 5308415,
			"alignment": "bottom_right",
			"posX": -210,
			"posY": -120,
			"width": 200,
			"height": 20,
			"imageWidth": 200,
			"imageHeight": 20,
			"action": {
				"type": "openLink",
				"link": "http://bit.ly/The-1-12-2-Pack-Discord"
			}
		},
		"mods": {
			"text": "Loaded Mods",
			"textOffsetX": 50,
			"texture": "the1122pack:textures/mainmenu/btn.png",
			"hoverTextColor": 5308415,
			"alignment": "bottom_right",
			"posX": -210,
			"posY": -100,
			"width": 200,
			"height": 20,
			"imageWidth": 200,
			"imageHeight": 20,
			"action": {
				"type": "openGui",
				"gui": "mods"
			}
		},
		"supportdev": {
			"text": "Support My Work",
			"textOffsetX": 40,
			"texture": "the1122pack:textures/mainmenu/btn.png",
			"hoverTextColor": 5308415,
			"alignment": "bottom_right",
			"posX": -210,
			"posY": -80,
			"width": 200,
			"height": 20,
			"imageWidth": 200,
			"imageHeight": 20,
			"action": {
				"type": "openLink",
				"link": "https://bit.ly/The-1-12-2-Pack-Donate"
			}
		},
		"languagebutton": {
			"text": "Language...",
			"texture": "the1122pack:textures/mainmenu/btn.png",
			"hoverTextColor": 5308415,
			"alignment": "bottom_right",
			"textOffsetX": 55,
			"posX": -210,
			"posY": -60,
			"width": 200,
			"height": 20,
			"imageWidth": 200,
			"imageHeight": 20,
			"action": {
				"type": "openGui",
				"gui": "languages"
			}
		},
		"modslabel": {
			"text": "#modsactive# mods loaded and active",
			"texture": "the1122pack:textures/mainmenu/btn_blank.png",
			"width": 140,
			"height": 8,
			"posX": 1,
			"posY": -10,
			"normalTextColor": 16777215,
			"hoverTextColor": 16777215,
			"tooltip": "Running Forge #forgeversion#",
			"pressSound": "the1122pack:textures/mainmenu/blank.ogg",
			"alignment": "bottom_left"
		},
		"speaker": {
			"text": "",
			"texture": "the1122pack:textures/mainmenu/speaker.png",
			"width": 19,
			"height": 20,
			"imageWidth": 19,
			"imageHeight": 20,
			"posX": -19,
			"posY": 0,
			"alignment": "top_right",
			"action": {
				"type": "openGui",
				"gui": "options.sounds"
			}
		}
	},
	"labels": {
		"mojang": {
			"text": "Copyright Mojang AB. Do not distribute!",
			"posX": -197,
			"posY": -10,
			"color": -1,
			"alignment": "bottom_right"
		},
		"the1122pack": {
			"text": "The 1.12.2 Pack v1.3.7",
			"posX": 1,
			"posY": 2,
			"color": -1,
			"alignment": "top_left",
			"action": {
				"type": "openLink",
				"link": "https://the-1122-pack.com/"
			}
		}
	},
	"other": {
		"panorama": {
			"images": "biomesoplenty:textures/gui/title/background/panorama_%c.png",
			"animate": true,
			"animationSpeed": 1,
			"blur": true,
			"gradient": true
		}
	}
}