[
  {
    "signatures": [
      {
        "signature": "sha256:9886c3d9ef25f4bbefa9985827956246d99df6787319b8b70ddff223c862e6c2",
        "filename": "mysticallib-1.12.2-1.10.0.jar"
      },
      {
        "signature": "sha256:e3ba364f447360baed7048c9507ea1381b0473e85ebf1967657a89ff97f03b3d",
        "filename": "Hats-1.12.2-7.1.1.jar"
      },
      {
        "signature": "sha256:77969c0e7f76c078ebb7004642e86746d57f47b7a46237fcb1c06d4a55679448",
        "filename": "MouseTweaks-2.10-mc1.12.2.jar"
      },
      {
        "signature": "sha256:ebe327325374661a988798f4179041c26ccb74a8ac11170eeadb72af4ee3500d",
        "filename": "Gravitation Suite-3.1.1.jar"
      },
      {
        "signature": "sha256:f7df4a095a08d74f553b6223d0059490cd2b9197b15e26721fbfbaf708e8290a",
        "filename": "badwithernocookiereloaded-1.12.2-3.4.18.jar"
      },
      {
        "signature": "sha256:9ffb0ca27e779b1531a9502e581f9dcb13917d0a3e127bf4e1513ce4fedeaab0",
        "filename": "industrialcraft-2-2.8.221-ex112.jar"
      },
      {
        "signature": "sha256:0475ba0f0964c4a56afd1c2765b7063849ca2b77a91d80d7f612fb15354c27e5",
        "filename": "Cucumber-1.12.2-1.1.3.jar"
      },
      {
        "signature": "sha256:f2e93ffbdf8ea3f38c33e7c4997539793dadbdb00488c95a92e66d8540f98019",
        "filename": "DupeFixProject-1.12.2-3.1.2.jar"
      },
      {
        "signature": "sha256:94cc1c05725d81270aee57a3fcce58b726603c272a8d1ad527bbe1379aa85361",
        "filename": "plethora-1.12.2-1.2.3.jar"
      },
      {
        "signature": "sha256:269a39ba8c737d722e790b08c4e204107b0129099771d96f6af1bf43c0e34826",
        "filename": "LootTweaker-0.3.0+MC1.12.2.jar"
      },
      {
        "signature": "sha256:d696ac6efd28368a3661131d06f0cf1cdbca1e8ac45f16e5ec2aa859e7d14911",
        "filename": "FarmingForBlockheads_1.12.2-3.1.28.jar"
      },
      {
        "signature": "sha256:ff3c4e5c4736ed7e36e085969f8e42475ffa869e05d17892227960801dcd9bf4",
        "filename": "unloader-1.2.0.jar"
      },
      {
        "signature": "sha256:d29f313101f814caa15c589ad1352579922ac588fc11500af2fabeeefbcc70a2",
        "filename": "topaddons-1.12.2-1.13.0.jar"
      },
      {
        "signature": "sha256:fbf81a96f87c609feb0d03933398fdf4bd8b24bc18119f4642e42b30580950fc",
        "filename": "OpenBlocks-1.12.2-1.8.1.jar"
      },
      {
        "signature": "sha256:62c3224d41e24b9ac04661e3d5240bf50b85349e43fd25e30bb2078c152d212f",
        "filename": "ChickenChunks-1.12.2-2.4.2.74-universal.jar"
      },
      {
        "signature": "sha256:ca13a15974ff71b6acd8fb7cd17f86a74430ff51f7a620a1c7c20db2ce77b19b",
        "filename": "EquivalentIntegrations-0.4.6.jar"
      },
      {
        "signature": "sha256:270b8ad8aa9d03316781ce49b0db5d6bebff3139e0ed737980a3aecfd4b6bcb0",
        "filename": "EnderIO-zoo-1.12.2-5.3.70.jar"
      },
      {
        "signature": "sha256:b9bef5de98638fe1497cc28de6414860ffc77962d93974d10ba44af3ad77fdce",
        "filename": "ThaumicJEI-1.12.2-1.6.0-27.jar"
      },
      {
        "signature": "sha256:7f2642cdc85c32ec754914e77f5bad11976c7c9c51d296e0ae4a8428d01153e8",
        "filename": "Schematica-1.12.2-1.8.0.169-universal.jar"
      },
      {
        "signature": "sha256:e5844c044d9f2ce2f23eef84d95eea8cc1f2c5581874bd01410e7d103b90a424",
        "filename": "p455w0rdslib-1.12.2-2.3.161.jar"
      },
      {
        "signature": "sha256:b914a10b5a649bbd0fb35d78ce0e56cc975dea643140a8de82143bb5782ebe2e",
        "filename": "ImmersivePosts-0.2.1.jar"
      },
      {
        "signature": "sha256:043afbddfd567e753a893f5a8f0e052db7c45209a08d09d9dcf32cadca764109",
        "filename": "Bookshelf-1.12.2-2.3.590.jar"
      },
      {
        "signature": "sha256:db86f82c5e85ec8ceebdd3a9375e6415cfec8e85a59657106526472facc8d090",
        "filename": "CreativeCore_v1.10.61_mc1.12.2.jar"
      },
      {
        "signature": "sha256:bf1a5af26ffbb741772528d2f260efc72dbaf9791dc636bda7799789b3dafb4e",
        "filename": "EntityCulling-1.12.2-4.1.5.jar"
      },
      {
        "signature": "sha256:534bbce03d8430984bbc366bb3c85d5418f16dfd37d686a194eeb8af9540a06a",
        "filename": "forge-1.12.2-14.23.5.2855-universal.jar"
      },
      {
        "signature": "sha256:d2cc4aeb515dcd8360e1deed588db739920e04477dc4617e4ae4ee8edf40fcd9",
        "filename": "RedstoneArsenal-1.12.2-2.6.6.1-universal.jar"
      },
      {
        "signature": "sha256:e7f7fbf6caaf6206dbd958fb8f9185f874a405289e62ae3e97209b455a89fb1a",
        "filename": "appliedenergistics2-rv6-stable-7.jar"
      },
      {
        "signature": "sha256:e8e8c0fe8fe5f4ad4669bdd567d4397d78e893b106a4780101796747e292102d",
        "filename": "Galacticraft-Planets-1.12.2-4.0.2.280.jar"
      },
      {
        "signature": "sha256:0668c6dd53adfb837e2cb9e2650b9925fe250063f12bcd159d9f80093d4fef20",
        "filename": "RoguelikeDungeons-1.12.2-1.8.0.jar"
      },
      {
        "signature": "sha256:ff231e76e4f5263cdb5b6aa825fb428c72fc6d39841ff9a19736a163e025e448",
        "filename": "useful_backpacks-1.12.2-1.5.4.85.jar"
      },
      {
        "signature": "sha256:674994649167d4e8a4dbfa296d76af0953e384ec1bf856f32898047f15efac8d",
        "filename": "LetSleepingDogsLie-1.12.2-1.0.2.jar"
      },
      {
        "signature": "sha256:29aa1b312d33b73a2923236cf15ec31c7e9c7c07c7e3ec2f2c996745fc6fe6a6",
        "filename": "ASMC-1.12.2-1.0.2.jar"
      },
      {
        "signature": "sha256:4f40670b6ce4a2b8885df0da312e11510eb8241728f23f6bfe0450a0b1ae9471",
        "filename": "MCTImmersiveTechnology-1.12.2-1.8.94.jar"
      },
      {
        "signature": "sha256:c611cbba6f109c6745acbb6d85276b513a62764c870e4a6733a1404a0d2e17c8",
        "filename": "Ding-1.12.2-1.0.2.jar"
      },
      {
        "signature": "sha256:07e017e50b918f9a1ddbc01777b24e74204155730e75628c68e923c4b2e559df",
        "filename": "AutoConfig-1.12.2-1.0.2.jar"
      },
      {
        "signature": "sha256:6b763b939c4a8517ac7fbb2a3cc7267d67e25823b60cf4231443eca3bb681c2e",
        "filename": "ProjectRed-1.12.2-4.9.4.120-world.jar"
      },
      {
        "signature": "sha256:9a46c66e95487bcfb7d715650817a9c30df5c759013bb6cb0d3290b261212595",
        "filename": "ProjectE-1.12.2-PE1.4.1.jar"
      },
      {
        "signature": "sha256:5da99fef228b538121c7910282d3ea2ff154020431a943f57aea518bc992f2f9",
        "filename": "Charset-Lib-0.5.6.5.jar"
      },
      {
        "signature": "sha256:a33c769c535e1be5de66ed0280bdb39d3971e3e7e65f769b423668698b824880",
        "filename": "Aroma1997Core-1.12.2-2.0.0.2.b167.jar"
      },
      {
        "signature": "sha256:0b086aced1beca90ed5bb25fe6951a4d191d9b49f221af1074d1f9ff4f364b74",
        "filename": "chiselsandbits-14.33.jar"
      },
      {
        "signature": "sha256:82652f00e513c61c99a791abf2cbc10fdfb0e3a79e4eb02b305cccbc2d2f0087",
        "filename": "MrTJPCore-1.12.2-2.1.4.43-universal.jar"
      },
      {
        "signature": "sha256:1c2c4c1ef36a35f9f8f1e56494fbbe12a8a790d3740c0d50b9023742a3739117",
        "filename": "Controlling-3.0.10.jar"
      },
      {
        "signature": "sha256:33343221c7b84098b41b093db8f2a4def42cc776beb18f5e3d354a321720e286",
        "filename": "BiomesOPlenty-1.12.2-7.0.1.2444-universal.jar"
      },
      {
        "signature": "sha256:69817c09c8f0252098142383036062ca2e91d05bd1e422e3ae6682e8423e4bc1",
        "filename": "ActuallyBaubles-1.12-1.1.jar"
      },
      {
        "signature": "sha256:524f1734869765f15185ced926bea0c46f133b0e22342bcb736b7a2da2f673f0",
        "filename": "fairylights-2.2.0-1.12.2.jar"
      },
      {
        "signature": "sha256:b8c3250b31e59710ae15cb1eff8311914e8174da47c33a81498e04ec47563776",
        "filename": "patchy-1.2.3.jar"
      },
      {
        "signature": "sha256:8b6e1aa820d7d02571aeae818b4ab9aa2d78e0d3b277d7be6df53e3153ae9ea7",
        "filename": "industrialforegoing-1.12.2-1.12.13-237.jar"
      },
      {
        "signature": "sha256:2ead1181ab49131241862d98a78d72f4b171f102d2774c730b0f67677fcfd03f",
        "filename": "binnie-mods-1.12.2-2.5.1.203.jar"
      },
      {
        "signature": "sha256:5c72f0db4476dab72c5c9cb68e9ef21ddb45f7b4cbedf4673d069f7d194b9886",
        "filename": "ThermalInnovation-1.12.2-0.3.6.1-universal.jar"
      },
      {
        "signature": "sha256:5db83f6a177ac2b143dcb50d0a35c2c0873b7cac6e1d8b58ee577494d5937ed2",
        "filename": "railcraft-12.0.0.jar"
      },
      {
        "signature": "sha256:0946d14acf7e552190754812aab7fc0c8e5e92ea7067a1a84abe5f6526ce1776",
        "filename": "longfallboots-1.2.1b.jar"
      },
      {
        "signature": "sha256:65d3a196ff8ca2a1caf119e28ebfb37d0157730d97c9acc0c7e2601f5edbe244",
        "filename": "ProjectRed-1.12.2-4.9.4.120-lighting.jar"
      },
      {
        "signature": "sha256:341bfb7940d85b0f579cdf8314cba4ad8a1f6499d5c1891cc3173740ce7d171e",
        "filename": "PlanetProgression-1.12.2-0.4.5.jar"
      },
      {
        "signature": "sha256:b72490ac2de814df2fd764afd6071e4e8731281ef68b3862f282c5233224259d",
        "filename": "Quark-r1.6-179.jar"
      },
      {
        "signature": "sha256:7b86643b69816d2be4620a06d60c1c7ab7c008ec1819a83e234b640c39857382",
        "filename": "WanionLib-1.12.2-2.5.jar"
      },
      {
        "signature": "sha256:e37b89bf89d5cb75d0605cf03863537b7e52a73e2ff6fb033161989c43d33876",
        "filename": "Avaritia-1.12.2-3.3.0.37-universal.jar"
      },
      {
        "signature": "sha256:a8dcb698eefe4f70ee1ff920227f261434e36a582a2752a057fd692161ad125d",
        "filename": "MicdoodleCore-1.12.2-4.0.2.280.jar"
      },
      {
        "signature": "sha256:c11b4ac2e3f3682c154ce6e757580028990c24f78b082bb19199794118b4cfd9",
        "filename": "mystcraft-1.12.2-0.13.7.06.jar"
      },
      {
        "signature": "sha256:26f60a6549f5167aa10e03a25f3180a310d4cb7f1521d6ee04fcb0db2fefd5e3",
        "filename": "JustEnoughPetroleum-0.1.jar"
      },
      {
        "signature": "sha256:67ed9dd359060295e6d9497519ae562b0510e2f46bf58c4651714f61ce0a85eb",
        "filename": "HammerLib-1.12.2-2.0.6.28.jar"
      },
      {
        "signature": "sha256:4b26ffacaaf01382158a412fbb9ffe43f7ec6a172dd3e2f496a3b8c141438211",
        "filename": "alternatingflux-0.12.2-2.jar"
      },
      {
        "signature": "sha256:2faf6423756b3c4af3a83424a931122d18ee16dfaf1fff5058baaee923522312",
        "filename": "supersoundmuffler-revived_1.12.2_1.0.2.10.jar"
      },
      {
        "signature": "sha256:a7d43ddfb8a1f31f61a062eaba07257f03653686362a3b17a8b6d3d71df0b48b",
        "filename": "growthcraft-1.12.2-4.2.2.1.jar"
      },
      {
        "signature": "sha256:3331ac0d0f9093433b65ca7b18a8f2bca57bc45fef2d444267e7d7fc6b7bb3a1",
        "filename": "environmentaltech-1.12.2-2.0.20.1.jar"
      },
      {
        "signature": "sha256:5c5ee114dccab5caca1772e3487eca04e161c494baca4d53c8fddf5cf8722e56",
        "filename": "ResourceLoader-MC1.12.1-1.5.3.jar"
      },
      {
        "signature": "sha256:405f0bd7fb6ccb52512a6823d4b9eb288bbb9c1ac36ceba651738a85484f2fce",
        "filename": "GalacticraftCore-1.12.2-4.0.2.280.jar"
      },
      {
        "signature": "sha256:167888d06f892853cb39890ceeb47f51c5345ea644b342c37a4fefebafcb8300",
        "filename": "PortalGun-1.12.2-7.1.0.jar"
      },
      {
        "signature": "sha256:5f8499f7ee2590e45110bbf296b2bf101aec15897e28d5e9759cf8f2387d8a74",
        "filename": "CodeChickenLib-1.12.2-3.2.3.358-universal.jar"
      },
      {
        "signature": "sha256:5c85f184fd328473b8ea4b8725db58f49b6768a396c341a43a8654cf6bc32306",
        "filename": "mystagradcompat-1.2.jar"
      },
      {
        "signature": "sha256:a5f334d53fb051e0ef32e0e3793e70bc86161324f17d3d81d0b70dc31d4e0b90",
        "filename": "DeathCounter-1.12.2-1.1.0.jar"
      },
      {
        "signature": "sha256:175d0317c0e6637d7dc8910e0126f204582656def61d6aef700a6180dc22f712",
        "filename": "ExtremeReactors-1.12.2-0.4.5.68.jar"
      },
      {
        "signature": "sha256:57facf4454dcad649cbdfe73728c04213b65b4712a96f3727b44ae340261d159",
        "filename": "ICBM-classic-1.12.2-4.0.0b20191109044627.jar"
      },
      {
        "signature": "sha256:f32537175f89ddc9890550a158a910e746cac2848db8f6f123865bd4a8a425fb",
        "filename": "cc-tweaked-1.12.2-1.89.2.jar"
      },
      {
        "signature": "sha256:d7ab6459e6432c73c717423e222b130ecb7deb4f3d3831579305d00d5e0f8253",
        "filename": "energyconverters_1.12.2-1.3.7.30.jar"
      },
      {
        "signature": "sha256:9542e0863473b2cf61eff3fa7bdb9f096aaf7fc446c54750cbaa9db47a58f2fa",
        "filename": "Pam\u0027s HarvestCraft 1.12.2zg.jar"
      },
      {
        "signature": "sha256:4edda1cb9a1eb9240b7c9087dfc0347b0f75c29f7239299991b27324524b167f",
        "filename": "AkashicTome-1.2-12.jar"
      },
      {
        "signature": "sha256:ac731cd6b991c6da850499a83585ca34c971e2de8106515d1ee5830995110820",
        "filename": "rftoolsdim-1.12-5.71.jar"
      },
      {
        "signature": "sha256:7c04dd28880aa36f8c13276ff8e7bc4c26855bf154e5878c2130869e554c97ac",
        "filename": "CompactSolars-1.12.2-5.0.18.341-universal.jar"
      },
      {
        "signature": "sha256:06e2357019f4e0836bfb9202af013adc125252f610b198a7a547d4596d2934c0",
        "filename": "EnderStorage-1.12.2-2.4.6.137-universal.jar"
      },
      {
        "signature": "sha256:c36065b106f735cc541188ac2db8301032d32de32ce8d57a58d11a306e04b29b",
        "filename": "Morph-o-Tool-1.2-21.jar"
      },
      {
        "signature": "sha256:04ab3865d33987bc390008d6668896a635dc16b252c85918b4bda85d67cbf452",
        "filename": "JustEnoughIDs-1.0.3-55.jar"
      },
      {
        "signature": "sha256:d26cae12decefd72dd02d959ece758ee8261f090b4cc8fdd24b870ed148b5a24",
        "filename": "ThermalCultivation-1.12.2-0.3.6.1-universal.jar"
      },
      {
        "signature": "sha256:267bd0cd995d95ee55c4c201076525c529d0275a51ce1e43c247f0f9ba894fcc",
        "filename": "VanillaFix-1.0.10-150.jar"
      },
      {
        "signature": "sha256:6c08b67e83c67c9a1b3b1be3ffcacaf636dc51c2e3ecec8fcfe94d41b06556b0",
        "filename": "YNot-0.2.4.jar"
      },
      {
        "signature": "sha256:ff78f5ac00574912d60022b4a4208cc00f9d4fccfa444efcea38cf1cbb76bcce",
        "filename": "tumbleweed-1.12-0.4.7.jar"
      },
      {
        "signature": "sha256:9329ee1bcb377849db089c7029d7f393897e0ca8efb9c4510268692bf332c530",
        "filename": "rangedpumps-0.5.jar"
      },
      {
        "signature": "sha256:2c780e8e7b22a374c069e3a20674fac9382fe0ef1100555197ff23eb9ab12d9e",
        "filename": "MagicBees-1.12.2-3.2.25.jar"
      },
      {
        "signature": "sha256:84ac74ed254fcc2c7c9d1a9702d636a2c825a8825af7fe2db79f31bfe0cf8849",
        "filename": "Netherending-Ores-1.12.2-1.4.2.jar"
      },
      {
        "signature": "sha256:c2110db8b8abec23d9e2e9c4a89be010f6fe1150d52595397179c8804d942ee3",
        "filename": "Placebo-1.12.2-1.6.0.jar"
      },
      {
        "signature": "sha256:6a021aa8bf091d82781deb3b4ecc272d6fd29d02962c2eb48a6c3a739332dde8",
        "filename": "NoMoreRecipeConflict-0.13(1.12.2).jar"
      },
      {
        "signature": "sha256:8962beb2c583720a83858f58bd6afc891185b50d868c712549a96b191339b52a",
        "filename": "Botania r1.10-364.4.jar"
      },
      {
        "signature": "sha256:2bc1f1b8601abd40180eab9666e34a947d1be9e9b878ffd788d4b44e7713313c",
        "filename": "MekanismGenerators-1.12.2-9.8.3.390.jar"
      },
      {
        "signature": "sha256:133c55730e48e1652c861898d05c6092b4f58badf9e627f12019000426e7df95",
        "filename": "WrapUp-1.12-1.1.3.jar"
      },
      {
        "signature": "sha256:1904c32a8e0077e005bfefe005c26834c2df09881bc075a7deadce8da97fb457",
        "filename": "Morpheus-1.12.2-3.5.106.jar"
      },
      {
        "signature": "sha256:707107f746ffc9d2bf35912953ae1ce780f7b7c4b7cf86b4821a1a151bcf9f6f",
        "filename": "TConstruct-1.12.2-2.13.0.183.jar"
      },
      {
        "signature": "sha256:6c1809eb2222604ebf3c051e1c7834b84049013b537633c2e5a1b0077ef9a940",
        "filename": "extrautils2-1.12-1.9.9.jar"
      },
      {
        "signature": "sha256:6da4ff366330253e2fb4f6849ae0c81e4ddc9f6bd5814460ad9ecb63e9f65119",
        "filename": "FastLeafDecay-v14.jar"
      },
      {
        "signature": "sha256:530399689e8b8743f794b51035187e03bfc7165ee088013a38f1739942577297",
        "filename": "MikesModsLib-1.0.2.jar"
      },
      {
        "signature": "sha256:62ef749c6c4acd3b057a9d13e46626910fe4a4b877603d50c82af58a73485d33",
        "filename": "DarkUtils-1.12.2-1.8.230.jar"
      },
      {
        "signature": "sha256:8ad82fe2dcf939cc2baef27cd66c80167459afef8f8c66dc8edc591ef2d5e152",
        "filename": "Harvest-1.12-1.2.8-25.jar"
      },
      {
        "signature": "sha256:7b10f754481e3813b8c8e11daed9392257e722c2af24042d7a35ccca42672594",
        "filename": "MobGrindingUtils-0.3.13.jar"
      },
      {
        "signature": "sha256:e3c1f42919377684d18575b6024b7e23ede5b8a1494e6c91538725d4fbc863ef",
        "filename": "farmeradditions-1.0.0.jar"
      },
      {
        "signature": "sha256:cfaa3daa3d618d225027a50b14ff2e5bac44e1f7069735b7ed1902fc9f995104",
        "filename": "Numina-1.12.2-1.0.38.jar"
      },
      {
        "signature": "sha256:61f0c49d65e9040bf15dd3aa2d83f61ef63fd7561ca172ad4ce9fe3e528756e3",
        "filename": "flatcoloredblocks-mc1.12-6.8.jar"
      },
      {
        "signature": "sha256:3449194d2f3b171c140806fb88f1e927dedf613d222960d4e7244cfe239ea567",
        "filename": "FeaturedServers-1.12-1.0.6.jar"
      },
      {
        "signature": "sha256:0b22434a8f5255f25fd1008e4c1faf90db3fc6999d14fb561382d11a47e998c9",
        "filename": "diethopper-1.1.jar"
      },
      {
        "signature": "sha256:58094bdace050ce943bc4b14033abc63e91e705233fc24c2d7f8d786c714884f",
        "filename": "MysticalAgradditions-1.12.2-1.3.2.jar"
      },
      {
        "signature": "sha256:116ae61dbaf9c0086431998b632f6f37239bfee1c38377a2bb6a6af177fb0890",
        "filename": "UniDict-1.12.2-3.0.8.jar"
      },
      {
        "signature": "sha256:597c21ab6f0d701ec2d7d9e6abdd9e4e3d949af1a9635ef018cef7df4c126e57",
        "filename": "KleeSlabs_1.12.2-5.4.12.jar"
      },
      {
        "signature": "sha256:eb2fbfda86d2c696ea50037bb5b8bc5377775877d27026187fee8f4919000107",
        "filename": "fencejumper-1.12-1.0.5.jar"
      },
      {
        "signature": "sha256:21952b5b2f4a89a3b80029042ec7b07d99835e56683d2c17e130a1144922b38d",
        "filename": "gendustry-1.6.5.8-mc1.12.2.jar"
      },
      {
        "signature": "sha256:e0dcdae90d56bb6e0b21412e088072f1fdf3d60d135f1cf5499332b713effdb8",
        "filename": "WorldControl-1.0.31.jar"
      },
      {
        "signature": "sha256:96d1200efaf3277fb6f295ef9a83f322be537114cbdfac469fb1cee79e214178",
        "filename": "torchmaster_1.12.2-1.8.4.84.jar"
      },
      {
        "signature": "sha256:c03e1c14d432ddb51eb756b57b5df34f9f03bd003cbdeab456949eb32d60d347",
        "filename": "advsolarpatch-1.1.jar"
      },
      {
        "signature": "sha256:c0d7f101d48df20753aca7eb2df4a70cf26fc432036f56740547a162da06d628",
        "filename": "thaumictinkerer-1.12.2-5.0-620a0c5.jar"
      },
      {
        "signature": "sha256:a3cc25bd00e3d63724f667f569889001be461eb8f383c03b931104ec42833cd5",
        "filename": "HelpFixer-1.12.1-1.5.18.jar"
      },
      {
        "signature": "sha256:f1cc8aeefcda2c00235bfb5ee7f76d731325aa324e90e84d7d232d88c1e6f472",
        "filename": "ThermalExpansion-1.12.2-5.5.7.1-universal.jar"
      },
      {
        "signature": "sha256:30d066e27379a51c8d9c67b1ab0b7e55d930c9721161b07ef1666ab9fc24c629",
        "filename": "maven-artifact-3.5.3.jar"
      },
      {
        "signature": "sha256:fed0f20d19ed0c35f2b804a120419cfda398397e2aaa19e8494847b48c9ffb44",
        "filename": "zerocore-1.12.2-0.1.2.9.jar"
      },
      {
        "signature": "sha256:b0c939bbbada43ecbdd10f91deaa27556e552770b967a00459bdf43da0797820",
        "filename": "packcrashinfo-1.0.1.jar"
      },
      {
        "signature": "sha256:4f7f5ed50b9c775dbf4d08f4b597ab0069143191b48861781a6aaf55766ecde1",
        "filename": "Aroma1997s-Dimensional-World-1.12.2-2.0.0.2.b89.jar"
      },
      {
        "signature": "sha256:33cab59b2c98e7c2382fa0674f74186f05493ed2703996fa79eda2062105cb24",
        "filename": "CraftTweaker2-1.12-4.1.20.652.jar"
      },
      {
        "signature": "sha256:63b8e4d86b336739c9df8275d28e61519c73c815d0ba9ec18fb8d0cf8a218488",
        "filename": "CustomMainMenu-MC1.12.2-2.0.9.1.jar"
      },
      {
        "signature": "sha256:96ac76c1085b12cb62c96aeff004672c8f36cb08df46de016049b4bd92cd03ee",
        "filename": "SmoothFont-mc1.12.2-2.1.2.jar"
      },
      {
        "signature": "sha256:c6d836b4d14223999afcd9df143076a5a709ff2009d6604382c346d1a258284b",
        "filename": "randompatches-1.12.2-1.22.1.10.jar"
      },
      {
        "signature": "sha256:1dceb974d037dae7161f9a8e9f78cb33dfaad9e3adf02d14d52a3024eb961e58",
        "filename": "ImmersiveEngineering-0.12-98.jar"
      },
      {
        "signature": "sha256:b32010b2f2778aa1188585e7ead91ad46d4cb2c715f9c778a61848ba7fe51f8d",
        "filename": "Baubles-1.12-1.5.2.jar"
      },
      {
        "signature": "sha256:78688e40b4a5cd2804c5e16448b5f67954a184c2c31762450a7e29d9be71bf41",
        "filename": "WirelessFluidTerminal-1.12.2-1.0.4.jar"
      },
      {
        "signature": "sha256:21f11a527c49ed04b09003f25c7631fb5978158e480edad0d60f60c6cf27ad3c",
        "filename": "Charset-Immersion-0.5.6.0.jar"
      },
      {
        "signature": "sha256:bd4f556b7e5480687dbc09735dca05a1ceb3622dc93422adb5dab4f68cc9f2d1",
        "filename": "NaturesCompass-1.12.2-1.8.5.jar"
      },
      {
        "signature": "sha256:f66add4cc170c116a76d81f303681c5b7cc110d1871350c58daf9262e1a7a0af",
        "filename": "savemystronghold-1.12.2-1.0.0.jar"
      },
      {
        "signature": "sha256:a8305c42e29f43abbad906c3c91c36ed0a1a6f949ff2bff9eec66499fb57f36e",
        "filename": "WR-CBE-1.12.2-2.3.2.33-universal.jar"
      },
      {
        "signature": "sha256:9dbc2c0ec8c28821fdd5dca487909089501607ee25c0e8470c43c9fd0bd12053",
        "filename": "jei_1.12.2-4.16.1.302.jar"
      },
      {
        "signature": "sha256:c33f41481183f95c8981571a471fcdea674a13ce2bd408d39832b3674045c66d",
        "filename": "Debark-0.1.2.jar"
      },
      {
        "signature": "sha256:5efd826e2bc2bc854f271b5e0f5cfd04e17f23abb6fbcf2fb9d03acd36a0c172",
        "filename": "statues-rechiseled-1.12.2-1.0.1.jar"
      },
      {
        "signature": "sha256:e292f54e049635fe22fb8fd13b4a685ed41188474221d403c40bc40c4d6b154e",
        "filename": "SplashAnimation-0.2.1.jar"
      },
      {
        "signature": "sha256:9425f8643581b27ff8845b087c8bc6fc10425a32942f1a3f0e265ce6b38f7b5f",
        "filename": "Thaumcraft-1.12.2-6.1.BETA26.jar"
      },
      {
        "signature": "sha256:1f77457d3d03a06da533a0ad09af42df8e2f8df408678bee895eef6308ebad36",
        "filename": "Reliquary-1.12.2-1.3.4.796.jar"
      },
      {
        "signature": "sha256:c70cda15d9c76cc79423399c1002977d6dfcc229128b33b87f25d5b4238bea34",
        "filename": "BetterAdvancements-1.12.2-0.1.0.77.jar"
      },
      {
        "signature": "sha256:ee32e44e15e5dd3061553982a03d58a06036d9eabb16cf59cbec85ad38bcb6cc",
        "filename": "immersivepetroleum-1.12.2-1.1.10.jar"
      },
      {
        "signature": "sha256:31571a6c01b9fd8daf481fa2f22615bbc99335c21f5e474a5607ea149bf2b9aa",
        "filename": "RebornCore-1.12.2-3.19.5-universal.jar"
      },
      {
        "signature": "sha256:f10cd57075690ecbe52094f8af0d2a5af12f89c82b7c6eb73d3d090d74206ea0",
        "filename": "CoFHWorld-1.12.2-1.4.0.1-universal.jar"
      },
      {
        "signature": "sha256:7d1e6d0008a991dc70e40d4843213943562fdd0c3565e6c8d8c0e25db537739e",
        "filename": "SuperFactoryManager-1.12.2-2.0.25.jar"
      },
      {
        "signature": "sha256:25a8d4ac34edc8204cbc32abe6cfad16fe9fc67f3d2d3afdcc9948cfd5b05c37",
        "filename": "EnchantingPlus-1.12.2-5.0.176.jar"
      },
      {
        "signature": "sha256:32b445216a515a116494118eb0e2d8b25524548860a2a3f1f35f9e6931c59e45",
        "filename": "noRecipeBook_v1.2.2formc1.12.2.jar"
      },
      {
        "signature": "sha256:ef187aea109446bdb7b35e06958d4c6d22f5f7ceb4e5bcaeab16f3ad29fe16a5",
        "filename": "BloodMagic-1.12.2-2.4.3-105.jar"
      },
      {
        "signature": "sha256:9e0015782e3258dcb138c4e5189666c41f0492c07c0956aa262a502ff2f5fccb",
        "filename": "SimplyJetpacks2-1.12.2-2.2.20.0.jar"
      },
      {
        "signature": "sha256:2d7e9066c4394a8ba4725b6f0ca44c8a7999b9fdda4a3996d01dc526fc64095d",
        "filename": "[1.12]bspkrsCore-universal-7.6.0.1.jar"
      },
      {
        "signature": "sha256:22d74d8afd2d5b583cfd0ab6e70bf8f756a4839d1247d480611a7f5b70515009",
        "filename": "u_team_core-1.12.2-2.2.5.147.jar"
      },
      {
        "signature": "sha256:c965169400f34ff869f2af9cc645e86d9e0e3d3c46a8edadd63db4a8f9c43b91",
        "filename": "EnchantmentDescriptions-1.12.2-1.1.15.jar"
      },
      {
        "signature": "sha256:66a567a85dcb3f1e26b4dd6b0e3327d64992d88648e0272846a5b27073666fe7",
        "filename": "CustomStartingGear-1.12-1.2.0.9-universal.jar"
      },
      {
        "signature": "sha256:b3aab967cf9a2fcaf1330b5a5997f8d31e7a73884eac7451f1f31b2fa1394add",
        "filename": "BiblioCraft[v2.4.5][MC1.12.2].jar"
      },
      {
        "signature": "sha256:21311e401f36a58222a50b6f0d66ac29614d7ab039c961dcc307fe499da030b6",
        "filename": "ActuallyAdditions-1.12.2-r152.jar"
      },
      {
        "signature": "sha256:9bfc4c8763c008e7dd4e50fd5f82492962197f2bdc5f29668e9154e2c0c83ddf",
        "filename": "Computronics-1.12.2-1.6.6.jar"
      },
      {
        "signature": "sha256:ce3f08c8a0f36ba02fceafa47f25e80c7130727bd8e11206b37a4454d51da3b0",
        "filename": "ThermalDynamics-1.12.2-2.5.6.1-universal.jar"
      },
      {
        "signature": "sha256:66fd486a8162d545ce25c6ecb955721b554fc078ab20b970956121a5e93be926",
        "filename": "solcarrot-1.12.2-1.8.3.jar"
      },
      {
        "signature": "sha256:37b39fb2e10bf3a991952317d68cf137c7470060197ce74a5826699fac0326fc",
        "filename": "xnet-1.12-1.8.2.jar"
      },
      {
        "signature": "sha256:af7d2b3c421329e7b97202302a072867e7c9bd73c5b8fab9bdb3a76fbfe474e3",
        "filename": "mcjtylib-1.12-3.5.4.jar"
      },
      {
        "signature": "sha256:6130bd064d4aa1158308d699f370b5586447d026e2f559dfe14aa7df76cd6203",
        "filename": "GunpowderLib-1.12.2-1.1.jar"
      },
      {
        "signature": "sha256:a1101ec8a6fa635670093b0fc511700c76650922a3f422d52902f556e6268c36",
        "filename": "playerplates-1.12.2-1.3.1.1.jar"
      },
      {
        "signature": "sha256:4599244bd96a7c1ccdce452d626dacd897c8c195a1a5dcbd7ad2450a6b726670",
        "filename": "AbyssalCraft-1.12.2-1.10.4.jar"
      },
      {
        "signature": "sha256:24a72428d22c04040e8a60899a395283ca8512f39bfb0cec62ecf9109bf891e0",
        "filename": "valkyrielib-1.12.2-2.0.20.1.jar"
      },
      {
        "signature": "sha256:46010e9f54c47f6f8634e060f02dfbe740eb07b75d1f9e7753110f9ce71c540b",
        "filename": "etlunar-1.12.2-2.0.20.1.jar"
      },
      {
        "signature": "sha256:def6e04f8ecb9b506447dc52ec0aa8e310c02463caaeb7f73955b612af59c252",
        "filename": "MmmMmmMmmMmm-1.12-1.14.jar"
      },
      {
        "signature": "sha256:ee899d2bd603dd16b89208ba165c2cfe62ae30fc69d55d795d928c4f4988dedd",
        "filename": "ModularPowersuits-1.12.2-1.0.46.jar"
      },
      {
        "signature": "sha256:40222110b466678da4bba79b86750ad09374e70844097339ad47fea712043b2f",
        "filename": "funky-locomotion-1.12.2-1.1.2.jar"
      },
      {
        "signature": "sha256:da7eda618b59b88fc7b424d8abddb6346f6d6cb26f9a752da057ec1c927f72fc",
        "filename": "DogeMod-1.12.2-0.6.0.jar"
      },
      {
        "signature": "sha256:77a4c5f23f73cb4597ea6ee97e6ff5dd0a5eb94d1f25bfd031516b335dc92efe",
        "filename": "rftoolsctrl-1.12-2.0.2.jar"
      },
      {
        "signature": "sha256:6d0ec545bf94e6142b4140f910aae4114b1f92298e820c12fa91af35a3c90d60",
        "filename": "AE2WTLib-1.12.2-1.0.34.jar"
      },
      {
        "signature": "sha256:877655fe5cfac3bbf01d074d7971a2b4c3d654ce4af3691856a9971e6c5419b2",
        "filename": "WirelessPatternTerminal-1.12.2-1.0.3.jar"
      },
      {
        "signature": "sha256:0b2d1ad7e83bd302f760d99579fdfd915a56e804dc3497e03fedbc5c4cff19f2",
        "filename": "chunkgenlimiter-1.1-core.jar"
      },
      {
        "signature": "sha256:e1cee0a1e8f4aaedbd4381308fe6f32a6f69935e7bfb0df0748c2b292fb821ce",
        "filename": "twilightforest-1.12.2-3.11.1021-universal.jar"
      },
      {
        "signature": "sha256:e693a6f8a42c95ebffb9880bc3b7c023de534c649d9b51e84ff375217378978d",
        "filename": "EnderIO-conduits-mekanism-1.12.2-5.3.70.jar"
      },
      {
        "signature": "sha256:f38ee79126f39002555e904b9baa7f963c4e3f96a734227c3f0fd5f980b42896",
        "filename": "IntegrationForegoing-1.12.2-1.11.jar"
      },
      {
        "signature": "sha256:bbfbe3b0e5237b068e296f6503472252ce36463b67191bc6eb267b68e74adda3",
        "filename": "MekanismTools-1.12.2-9.8.3.390.jar"
      },
      {
        "signature": "sha256:f57484c05b21ab2089e906d11ae0124a44b1f939cf824f9d80695896904ce376",
        "filename": "Morph-1.12.2-7.2.1.jar"
      },
      {
        "signature": "sha256:212a09fdb4bb528e5cb2abe6681f64f3f95886ae6ef0c7b2c7e7ecd5d4cac127",
        "filename": "OpenComputers-MC1.12.2-1.7.5.192.jar"
      },
      {
        "signature": "sha256:ba42a848e0fe45ec152341c0245bf9c14b8018c24c673ac0cfe6fbeaa8985fbf",
        "filename": "ExtraCells-1.12.2-2.6.5.jar"
      },
      {
        "signature": "sha256:ca843a4179b7e524d57cbbd6aab5d587ce83128217f351a77254db674bf2a178",
        "filename": "just-enough-harvestcraft-1.12.2-1.7.2.jar"
      },
      {
        "signature": "sha256:ce28db33cfdca80c98dfbb2e5928a5f090477897fa6d28a37300d5564617fde2",
        "filename": "MCMultiPart-2.5.3.jar"
      },
      {
        "signature": "sha256:ef2fdcb59f9a766ee5c3c4c514c78f0a9e35b3d6bf02c17051b7dd4e94efdf7a",
        "filename": "InventoryTweaks-1.63.jar"
      },
      {
        "signature": "sha256:ccfcad80ef73ab815875a91979128ed58c262c479c7c0e5da65b225954bee197",
        "filename": "Forgelin-1.8.4.jar"
      },
      {
        "signature": "sha256:47a2428297213cb3f6b3b75fe1604b002e1f5e4412a2ce77c362bf598e15a877",
        "filename": "OpenModsLib-1.12.2-0.12.2.jar"
      },
      {
        "signature": "sha256:6092ffec5a1eff36c0a03225a46d45eb74fd7986023789391626c60437e4d9c4",
        "filename": "Advanced Machines-61.0.1.jar"
      },
      {
        "signature": "sha256:acf78a9096a6a7f8fe67e3310d07d03cdbcb9ebd9e2cb15a54a6b4d1263aab3a",
        "filename": "RandomThings-MC1.12.2-4.2.7.4.jar"
      },
      {
        "signature": "sha256:def0569f7098beeda519118ab1c3c53d8d5e411330ea6f669758681e2a7b23b6",
        "filename": "Toast Control-1.12.2-1.8.1.jar"
      },
      {
        "signature": "sha256:558c38d0f7852d17a03aef81e4bd6cc2f28e60db8a8749c710c9ee829f2de0a4",
        "filename": "rftools-1.12-7.73.jar"
      },
      {
        "signature": "sha256:0ff1b538040aaa128b66238cdf6cb2a3eb9a5dbc88170103eb48e86d8a567640",
        "filename": "DamageTilt-1.12.2-0.1.0.jar"
      },
      {
        "signature": "sha256:e8015fc1fd11806fccf03c0c718a6826f4e782263f2e655fbb90f534c6e35ff6",
        "filename": "JonsExclusives-MC1.12.2-v1.1.0.jar"
      },
      {
        "signature": "sha256:8345e86d84cc38e8017fef9b20b1160b4a988637e14b8bcb5b817747d8e63570",
        "filename": "ProjectRed-1.12.2-4.9.4.120-Base.jar"
      },
      {
        "signature": "sha256:8b40573a923098b7505dc3a7333ea7994f99fdca5d1507f200959779f768e14b",
        "filename": "AutoSave-1.12.2-1.0.11.jar"
      },
      {
        "signature": "sha256:45a08a4286bc0397cc0e49c2b16682650b0b96efcf4920a0b432939114be79f5",
        "filename": "ocxnetdriver-1.0.3-b17.jar"
      },
      {
        "signature": "sha256:9839f19cb6791173e0c70dc0e82459817aff87bcf393f40bc762282f0af5b792",
        "filename": "Modpack Configuration Checker-1.12.2-v1.9.5.jar"
      },
      {
        "signature": "sha256:ac75e2d505bda70dc3c4f0778d66a79213870ee43b74744e31e37f9c3aaf7654",
        "filename": "ClientTweaks_1.12.2-3.1.11.jar"
      },
      {
        "signature": "sha256:56d68b9a125c6285633d70a221cb2a8badd0590c753ea5aadc55e674bf789c6c",
        "filename": "Guidebook-1.12.2-2.9.5.jar"
      },
      {
        "signature": "sha256:5957156e1eaf0af65363e4887ccb0655dad8835a5fed1d586fd4364cf31609b7",
        "filename": "thaumicenergistics-2.2.4.jar"
      },
      {
        "signature": "sha256:433f441dc9c0aa75a4168df832900720ddadac1f22cc3bba4e4f25ca789b268b",
        "filename": "CTM-MC1.12.2-1.0.2.31.jar"
      },
      {
        "signature": "sha256:5052f3e308b3ecb6620d26c5ab0cc15c0373732086337483a19fd4447e540ab0",
        "filename": "ThermalFoundation-1.12.2-2.6.7.1-universal.jar"
      },
      {
        "signature": "sha256:1a35017a806ff1ae1ae35b377aca2919d41e80e1221fd5b8c3f9b7017eb3d760",
        "filename": "furniture-6.3.1-1.12.2.jar"
      },
      {
        "signature": "sha256:67c5e8d8e975172d838f765040130ea0f73ec7a590b4470217a2f5516fdc652b",
        "filename": "LunatriusCore-1.12.2-1.2.0.42-universal.jar"
      },
      {
        "signature": "sha256:9e8bb959342343b30eee1a8c004e6811007ee0083e66ce4d7367e069bf071f8c",
        "filename": "IndustrialWires-1.7-36.jar"
      },
      {
        "signature": "sha256:e3f8fae3738ffb5f85e434a1a0462b91434b93dee2df9b3441509b628264b448",
        "filename": "GooglyEyes-1.12.2-7.1.1.jar"
      },
      {
        "signature": "sha256:b072944ed22907db480bea91b0660924d3dcef266e6501de236d08c45d07dc19",
        "filename": "jeiintegration_1.12.2-1.6.0.jar"
      },
      {
        "signature": "sha256:69e5b82f33925169e33456a5f6b3202917c06fc34f1f32f71cf553b0733f0114",
        "filename": "WirelessCraftingTerminal-1.12.2-3.12.97.jar"
      },
      {
        "signature": "sha256:6f74f0cc3223636bae0c2a6f61dabdf377df2e4bd73db62f12e9c2356492ae9c",
        "filename": "ProjectRed-1.12.2-4.9.4.120-fabrication.jar"
      },
      {
        "signature": "sha256:d8610a94da8f30815db4612b3291ecdcfd8204eaf1a4db8c5d0663c7b1191d91",
        "filename": "AutoRegLib-1.3-32.jar"
      },
      {
        "signature": "sha256:f022bd47a8302074a85f34d6519c3dd521a2baf7761511c1dbd376007ac157e6",
        "filename": "clarity-1.1.jar"
      },
      {
        "signature": "sha256:48a4c69f7052415cd2d0ae71aec6078c615c272562498c5c34922d34770a6c25",
        "filename": "Charset-Crafting-0.5.6.0.jar"
      },
      {
        "signature": "sha256:fb014339fccf788b3cc6b16aeb18351c5a28e7d5a5d124e12c3cd24b020148a4",
        "filename": "ExpandedEquivalence-1.12.2-12.3.17.jar"
      },
      {
        "signature": "sha256:ffb745111790e27cb7810a2e03d5270265dee7ebd3ef98fde897c409d58b1e59",
        "filename": "IvToolkit-1.3.3-1.12.jar"
      },
      {
        "signature": "sha256:9ea4d7df19c0a53880aae5e745ef1e886854bea5c533878688587a5e3fdaebdd",
        "filename": "JustEnoughResources-1.12.2-0.9.2.60.jar"
      },
      {
        "signature": "sha256:24638d2da941b963064b993dac969527f8d904ae6f261b5dd41878510917e412",
        "filename": "ltta-1.12.2-1.4.0.jar"
      },
      {
        "signature": "sha256:b9ddba2276e8cf843dcb5d631f77861ae4192f62fda7d899d72c09393ca91456",
        "filename": "forgemod_VoxelMap-1.9.19_for_1.12.2.jar"
      },
      {
        "signature": "sha256:6c116783121112f699947368b5cce742277f7c0c69b4fac92b60165d293c4c27",
        "filename": "DynamicLights-1.12.2.jar"
      },
      {
        "signature": "sha256:376aab403b393ec1b107d339ee48b758851d2f70c90c31d3de0753e7a7f89263",
        "filename": "foamfix-0.10.14-1.12.2.jar"
      },
      {
        "signature": "sha256:433d81953e2679b16e24434ef116579e8104904893d8a20ee453300a8090a66d",
        "filename": "ExtraPlanets-1.12.2-0.7.3.jar"
      },
      {
        "signature": "sha256:bf678ca007953e8d5aee96f29aeefd88120485a988a05b7ec6d37663bb824891",
        "filename": "rftoolspower-1.12-1.2.0.jar"
      },
      {
        "signature": "sha256:6530286f2cd6545f4d7b510d64199a1ec5a4f77915fea2f7274c9a0fbdbc011a",
        "filename": "Advanced Solar Panels-4.3.0.jar"
      },
      {
        "signature": "sha256:62183a1fa282032e2fea2c3ff6348611a03685a50769199243a42d38605d08a6",
        "filename": "comforts-1.12.2-1.4.1.3.jar"
      },
      {
        "signature": "sha256:e9a8d22825b0741025ba5912f4f100d85cfa24d1e4bece7b8a358e159598ba4c",
        "filename": "AdditionalBanners-1.12.2-1.1.77.jar"
      },
      {
        "signature": "sha256:e0b90727cbe54a11fe568f3d60cd59d64ff3c14f82437e1d1c10b575886ab8a3",
        "filename": "iChunUtil-1.12.2-7.2.2.jar"
      },
      {
        "signature": "sha256:659623f496dd457dd689c69dbd7a593453f65f78662a4af8dc624bfff33ee2eb",
        "filename": "ProjectRed-1.12.2-4.9.4.120-integration.jar"
      },
      {
        "signature": "sha256:02c2f75cc0c6630195072bd2cd5878fb60cc0b6780d4fd6a3b0f7b1f3f8ea394",
        "filename": "ProjectRed-1.12.2-4.9.4.120-compat.jar"
      },
      {
        "signature": "sha256:771107764cad17a30b37f683fd6889384a916981b1c8ed63826ec0a335efae86",
        "filename": "astralsorcery-1.12.2-1.10.27.jar"
      },
      {
        "signature": "sha256:bf155eaf33eabbcc4fdecc1fe45e8c47004e393287583e6565a44750a7457f24",
        "filename": "Psi-r1.1-78.2.jar"
      },
      {
        "signature": "sha256:e07b0c48def9ce8cfaa4cf7a7c656bf7f7d6815f74fbcc2957dd43efa78486a9",
        "filename": "CoFHCore-1.12.2-4.6.6.1-universal.jar"
      },
      {
        "signature": "sha256:2b64a900a30d12c55c48f295097327eab5547fa3e7dccdce0f929ecdee25d038",
        "filename": "blockcraftery-1.12.2-1.3.1.jar"
      },
      {
        "signature": "sha256:ac2a3984711c2ad64c8b00d67075a31809c16dc6bdf1aef9c7964b1d8acc2c9b",
        "filename": "EnderCore-1.12.2-0.5.76-core.jar"
      },
      {
        "signature": "sha256:caf6ec0c4c53862cb0806af027f0153ac18f88f692434f620fbe1d135bda1c63",
        "filename": "tesla-core-lib-1.12.2-1.0.17.jar"
      },
      {
        "signature": "sha256:f4f0b7a1861a4b2f11c6dc5f315090ec411dce8a62df3347fd00a96f191fb2e9",
        "filename": "woot-1.12.2-1.4.11.jar"
      },
      {
        "signature": "sha256:1d4841af1f9988651f8174f0b1e90b5d8effa86f41490c987348f9e57527b01b",
        "filename": "jepb-1.12-1.2.1.jar"
      },
      {
        "signature": "sha256:3e2f19faf3f9f19d5835a7e368d2bf855ca3d1ee82575a48182b3746d214cad8",
        "filename": "ProjectRed-1.12.2-4.9.4.120-mechanical.jar"
      },
      {
        "signature": "sha256:9d95540c7d5cbd45ad3deab027b1f44e300f123d615c3e3e1ccd9d3843c6d38b",
        "filename": "zettaindustries-1.3-1.12.2-161.jar"
      },
      {
        "signature": "sha256:35581aebdb3d8720d6f89e564ae0b3e6f6751782d1e8f1f5d79bdad09557be30",
        "filename": "advmachinespatch-1.0.jar"
      },
      {
        "signature": "sha256:b7de5fd1825724ddcc73af072bda7727cafd284074b81845e81038c02eb7e134",
        "filename": "WirelessInterfaceTerminal-1.12.2-1.0.2.jar"
      },
      {
        "signature": "sha256:25718bd80799a608c45299d13d86e5d67248f07a3c00657c690948b1821835ce",
        "filename": "ForgeMultipart-1.12.2-2.6.2.83-universal.jar"
      },
      {
        "signature": "sha256:e1bafe44c5a5c9b8119de308580f90183ab10075f640dd12c6e26c28019b0e87",
        "filename": "itlt-1.12.x-1.0.4.jar"
      },
      {
        "signature": "sha256:c239d74a6bd215ade7c29d814e90d1e3031130e500683580fbd051ea9fa952ef",
        "filename": "mystcraft_info-1.12.2-1.0.5.0.jar"
      },
      {
        "signature": "sha256:f3e5048dbe58f37f98f8130886ede880ac5b3333ee73cae2381c337e500c4bd1",
        "filename": "theoneprobe-1.12-1.4.28.jar"
      },
      {
        "signature": "sha256:06d69798f30162350ef631146380d0c80ef9a5aa51228c8e6e19b3ee798c5f1a",
        "filename": "plustic-8.0.1.0.jar"
      },
      {
        "signature": "sha256:7a2b32e774341afa54b103599b34ba62a38d4fc6a3164b2090ce322e393c5772",
        "filename": "modular-routers-1.12.2-3.3.0-33.jar"
      },
      {
        "signature": "sha256:6ff7f96d076bfaad83fb6ba92ec457b8a76391439663b0cc32a9ec5398345280",
        "filename": "RedstoneFlux-1.12-2.1.1.1-universal.jar"
      },
      {
        "signature": "sha256:b404308ac9518fb7ce762278ea2c3ae81ea42c7220e8c2373317da6c31dbb0e0",
        "filename": "OpenEye-1.12.2-0.8.jar"
      },
      {
        "signature": "sha256:fc0609f69a0d527849d76253d53e0a55b9a3745906c5457d845ffbd2450422fd",
        "filename": "jetif-1.12.2-1.5.2.jar"
      },
      {
        "signature": "sha256:810702d24aefa133421144051fefb05c0815aad60439b7e4207ce61773f188fc",
        "filename": "HatStand-1.12.2-7.1.0.jar"
      },
      {
        "signature": "sha256:f527ba59d8ab56d936b7edcd9ef0f42232dac436864603a016b83bfbb53c2384",
        "filename": "Translocators-1.12.2-2.5.2.81-universal.jar"
      },
      {
        "signature": "sha256:9bbe2a1cfff591822c5e94bfe96ed54c696cb6caf573cb5912144991f2b14489",
        "filename": "JAOPCA-1.12.2-2.2.8.105.jar"
      },
      {
        "signature": "sha256:9b48fcbf576095e0258379435c4a8bb15c5d1c2087edbe97fb4631e2e5cc98c6",
        "filename": "FluxNetworks-1.12.2-4.1.1.34.jar"
      },
      {
        "signature": "sha256:1dbcb06266158a3459b27d74865ac43f4a80a6b0a0fab8cbc3d87e0c95eb63ef",
        "filename": "compacter-1.3.0.3-mc1.12.2.jar"
      },
      {
        "signature": "sha256:f3ce670e0087f4c6b770fd05ae5c3dfd8462f74c62397932ea72954d1c6c8df4",
        "filename": "Clumps-3.1.2.jar"
      },
      {
        "signature": "sha256:0975ad3ef3b8b35fe43461feabe44d406b5521b0a2f3d1965c8d2f6a59ad2e65",
        "filename": "Mantle-1.12-1.3.3.55.jar"
      },
      {
        "signature": "sha256:1506cdab6f2ae7576001de2d632c48813920b92e8782f8d8a869f0cb1a8ea8a0",
        "filename": "MJRLegendsLib-1.12.2-1.2.1.jar"
      },
      {
        "signature": "sha256:2264ebdb4d29fe4105d8940f1fd14720ada023d059879c41374b44cbb3b7ac7b",
        "filename": "reauth-3.6.0.jar"
      },
      {
        "signature": "sha256:de8b85e79cb73826ec77d038bb8bae38e8e3e334526bac1a4812b29f6cf2ae24",
        "filename": "moresoundconfig-core-1.0.4.jar"
      },
      {
        "signature": "sha256:056736f67a1dcc64ca401fe5d55c4f6adfcaa866b3641113529b48847a90b18a",
        "filename": "BetterPingDisplay-1.12.2-1.0.jar"
      },
      {
        "signature": "sha256:ed7cd329571fa96aef64a9ce2c490139fbc0acb1548ac64cc5eefd32ce6fc063",
        "filename": "RecurrentComplex-1.4.8.2.jar"
      },
      {
        "signature": "sha256:c8b0e0ae0cd52e8217185e8e6e603d37c95158d9e3701c1dae7bb927cee6b4ec",
        "filename": "buildcraft-all-7.99.24.8.jar"
      },
      {
        "signature": "sha256:5e56b6e1eab94eb92740437fc9906756ec6a3a1b3f4d4b2c4caee833b6ca7ae0",
        "filename": "gendustryjei-1.0.2.jar"
      },
      {
        "signature": "sha256:f8c46dfa9f1c11641d2f7400efa52c97be954e8e178d0ef346cc601c320b414f",
        "filename": "NetherPortalFix_1.12.1-5.3.17.jar"
      },
      {
        "signature": "sha256:b9136aa6ac8e325208f3cda2186d872a77de65701e4f0128d6fdb29c05f498b7",
        "filename": "chunkgenlimiter-1.1.jar"
      },
      {
        "signature": "sha256:7f26e2cad131d3cb79296b0309dbde4f361b34c7f602d9575aecff893bb04d76",
        "filename": "BrandonsCore-1.12.2-2.4.20.162-universal.jar"
      },
      {
        "signature": "sha256:61d9bb9eb409f3a3e0ded5870aa6cbb101cedc81f5fbb1ab6bfcd65b3ff51de1",
        "filename": "compactmachines3-1.12.2-3.0.18-b278.jar"
      },
      {
        "signature": "sha256:589a5c20816025835b00874d8de5b52544a3cdb508c391a9389d1f70ef20ab2e",
        "filename": "EnderCore-1.12.2-0.5.76.jar"
      },
      {
        "signature": "sha256:64c62f20a89939db2c03d47737c7bd371d8bd8c10ae42e2e8c63432ae89db2c7",
        "filename": "Chisel-MC1.12.2-1.0.2.45.jar"
      },
      {
        "signature": "sha256:d25fb94092b163639cd26f9989e72a8c502c3585354ad0d8da858693803d1915",
        "filename": "AmbientSounds_v3.1.5_mc1.12.2.jar"
      },
      {
        "signature": "sha256:4bbd37edecff0b420ab0eea166b5d7b4b41a9870bfb8647bf243140dc57f101e",
        "filename": "AppleSkin-mc1.12-1.0.14.jar"
      },
      {
        "signature": "sha256:1eecdefa00056efac98ff56e25f7ed840b70e2d809c628e38c9c5b5518ff14ff",
        "filename": "Draconic-Evolution-1.12.2-2.3.28.354-universal.jar"
      },
      {
        "signature": "sha256:7663b57daf6ca0b36fbc8dd8ed06dc64447648237579b0c08910e15434ce36b2",
        "filename": "natura-1.12.2-4.3.2.69.jar"
      },
      {
        "signature": "sha256:4c7ca57fff17b7b25548072cc6246aa203ef7e95e77cfa18d98b350ab27078a8",
        "filename": "MysticalAdaptations-1.12.2-1.8.5.jar"
      },
      {
        "signature": "sha256:4df85922e481622c074f9e09cbb6ecb8e5d1bced3920597e1a22c5819a22913e",
        "filename": "Tinkers\u0027 Addons-1.12.1-1.0.7.jar"
      },
      {
        "signature": "sha256:8fcceac75c71e0d041db734111200205d03431b7e8646f8209cf2c4de9afef7b",
        "filename": "Patchouli-1.0-23.6.jar"
      },
      {
        "signature": "sha256:d2b59786e982b4b5a60714821edd9fd18b16a412a84bb3978b87f05be5c92a94",
        "filename": "MainMenuScale-1.3.2.jar"
      },
      {
        "signature": "sha256:287f619a4f7ef3c1d08d27df3d8082bd852de47897524cf872556f14625e740f",
        "filename": "PiP-1.12.2-7.0.0.jar"
      },
      {
        "signature": "sha256:29d3a4115d67b83eb542b618eb64db40db23a7f009a0f4dc9a396101d6f8491f",
        "filename": "ironchest-1.12.2-7.0.72.847.jar"
      },
      {
        "signature": "sha256:f445cdccfe824a895ace7cb83d29cfb17d5b3c3383949298e44c2da8697237f0",
        "filename": "WailaHarvestability-mc1.12-1.1.12.jar"
      },
      {
        "signature": "sha256:3b2c7647668d42d6a488d03c7cf77941662494ea24d6cc806f6a15053ccd4628",
        "filename": "AttributeFix-1.12.2-1.0.4.jar"
      },
      {
        "signature": "sha256:f9c39b350243a130e610498536cb02a0e8713f66adf8d0592b14770d8eaa335c",
        "filename": "DefaultWorldGenerator-port-1.12-2.3.jar"
      },
      {
        "signature": "sha256:2f27a2163d2e15e70ea37394381afb953864a61b653edb7453bcc14b971120e2",
        "filename": "DankNull-1.12.2-1.7.101.jar"
      },
      {
        "signature": "sha256:d862860b3a26999f7b59030fb8b214cecee2846088e2d3424120f83e04ebd414",
        "filename": "Backups-1.12.2-1.5.6.jar"
      },
      {
        "signature": "sha256:12ff840c3246faee160a9a5252db6fffe50e9f5146314f38e5d650dee3d1b957",
        "filename": "Login_Shield-1.12.2-6-g5654706.jar"
      },
      {
        "signature": "sha256:3a8ed073a9d84213d6a1f2947bf9e8a4e70730fa123e3ca53769fdc99ef4db9b",
        "filename": "CookingForBlockheads_1.12.2-6.5.0.jar"
      },
      {
        "signature": "sha256:e32e12f066a4e18fee15bde717d02cbf46b21406c1ba7bc16e64f3df50a5c847",
        "filename": "EnderIO-1.12.2-5.3.70.jar"
      },
      {
        "signature": "sha256:123038d365611d0b074f2d1a100962198c72a8386b0b56e09395b4070ff4190f",
        "filename": "ae2stuff-0.7.0.4-mc1.12.2.jar"
      },
      {
        "signature": "sha256:e201712ef8fadc6c4b6380939751e92fe32cad2ba2dcb717e1acb3b07e0c2125",
        "filename": "Guide-API-1.12-2.1.8-63.jar"
      },
      {
        "signature": "sha256:17573e0c3b2ff9d071a719a06a84c8cd89ca26d1ea3bd7f6e9f3842c4df88ea1",
        "filename": "Mekanism-1.12.2-9.8.3.390.jar"
      },
      {
        "signature": "sha256:1a4007ec8c503fe75faf7429b66c0ffe1555fa7a7d43147386049913ce6ebf4a",
        "filename": "DefaultOptions_1.12.2-9.2.8.jar"
      },
      {
        "signature": "sha256:91eab825f0730d412a05a40136e9f0755b9a2b9483fc92255cba08e282a1e146",
        "filename": "TipTheScales-1.12.2-1.0.4.jar"
      },
      {
        "signature": "sha256:280b808fd921fc6c1c4f796d465d49addf7041cfe9886d9ad82a7ef5aa5b2c77",
        "filename": "JustEnoughReactors-1.12.2-1.1.3.61.jar"
      },
      {
        "signature": "sha256:526d4fb23d033a79c44276b68746ab3f653e960c7101a9d62f51a12940730b94",
        "filename": "tinkersjei-1.2.jar"
      },
      {
        "signature": "sha256:bf74d54c763f27de2913d74b5cbbcd17fd68cda61d4c83cc44a239d7d890dfd4",
        "filename": "[1.12]TreeCapitator-client-1.43.0.jar"
      },
      {
        "signature": "sha256:097665ac938caa06804c5144e9fe1c5d4b5dc9670d1ae5b924447eb0309f52fb",
        "filename": "ChatFlow-1.4-7.jar"
      },
      {
        "signature": "sha256:07c6c95eddf0f6f3d15339f373da51a638716c3cbe69f93da5586f7957e3c22a",
        "filename": "jeibees-0.9.0.5-mc1.12.2.jar"
      },
      {
        "signature": "sha256:7a62ee6873864043d345a9ddda02696d71121193e21f06cae645479975f35c1f",
        "filename": "moresoundconfig-1.0.4.jar"
      },
      {
        "signature": "sha256:df8b6999b59cacd90a94fa1eff5da0cdf0b5d3a3c72c0a9e6b50c12836950de9",
        "filename": "StevesCarts-1.12.2-2.4.32.137.jar"
      },
      {
        "signature": "sha256:9e4980728afb5941bdd67c435d2fddf260d88685563343f32d009bae01b64962",
        "filename": "AppleCore-mc1.12.2-3.4.0.jar"
      },
      {
        "signature": "sha256:841d2f407824a4a9c3dd872c51ecd76d50381c569b79c3ea7b06b69eec2bba53",
        "filename": "text2speech-1.10.3.jar"
      },
      {
        "signature": "sha256:3ce60a0e2c757937eab9cafb2baa9bc823e96a9d41f39f462bf276c224ae099f",
        "filename": "conarm-1.12.2-1.2.5.10.jar"
      },
      {
        "signature": "sha256:9bd2527323564c66ac66e69c5b05384af24e9d9ce43d7d1f721094d2f4e392d8",
        "filename": "Born In A Barn V1.8-1.12-1.1.jar"
      },
      {
        "signature": "sha256:ae202ce14141e695a90fbdb7b66f63facbac77c6a6b2d141f86d4c6d593f3d64",
        "filename": "Exchangers-1.12.2-2.10.1.jar"
      },
      {
        "signature": "sha256:428542f8e4e9a683826058fd113d6e74121a3d47c7e796d7cb96ceed801102ad",
        "filename": "moreoverlays-1.15.1-mc1.12.2.jar"
      },
      {
        "signature": "sha256:a36f7fe0b2971df39bc7f14df3e5fb13695025a60d32b865e8f5c06659d552c2",
        "filename": "ImmersiveEngineering-core-0.12-98.jar"
      },
      {
        "signature": "sha256:34094309d54cb458f88c3b6f162bdf972c3e7d50fc085fd45849099fc8c7f8f0",
        "filename": "immersiveintelligence-1.12.2-0.1.1.jar"
      },
      {
        "signature": "sha256:254b82bec9da4f8efbc8b1f93ab2b87f7465227a82b36cf3d05d9e77a0e8dd2e",
        "filename": "asm-debug-all-5.2.jar"
      },
      {
        "signature": "sha256:b76950b93358a9273fab35d9a3e57d81257527a04a38dcb2c9cd1485c5fa987d",
        "filename": "lemonlib-1.12.2-1.3.0.jar"
      },
      {
        "signature": "sha256:9e3e185b40a43308ac8eef08db35a2ce95f6df711c655188b342263342bc748f",
        "filename": "culinaryconstruct-1.3.4.jar"
      },
      {
        "signature": "sha256:0a8e4f341a80263e58f348fc980a813de1d22ec455d2606486e8e03e8c9e5d16",
        "filename": "FastWorkbench-1.12.2-1.7.3.jar"
      },
      {
        "signature": "sha256:af43cc43c4f7775fbbaa50d63cf1f933911b768ca5e10378a106fdfc0dfe76ef",
        "filename": "bdlib-1.14.3.12-mc1.12.2.jar"
      },
      {
        "signature": "sha256:fa2f6fdfd3a43dee11b250ea079158b1cc5760c3dbdc2b031bd7cc2804f92f92",
        "filename": "JustEnoughEnergistics-1.12.2-1.0.8.jar"
      },
      {
        "signature": "sha256:9e61224cd8bb753c71fca42f940da8d0db9bcc1b4f1af1766e3ecfa11b1ee97c",
        "filename": "Whoosh-1.12.2-0.1.12.1-universal.jar"
      },
      {
        "signature": "special:minecraft",
        "filename": "minecraft.jar"
      },
      {
        "signature": "sha256:60f89392326325db7228dc96c3ef6285bcd475f7a067755488be2bf6acbdb78a",
        "filename": "pneumaticcraft-repressurized-1.12.2-0.11.15-398.jar"
      },
      {
        "signature": "sha256:d466a5d574a5a3311b6c8572edcf72ce87881fb6296dce1d2d07d1649abc5205",
        "filename": "forestry_1.12.2-5.8.2.422.jar"
      },
      {
        "signature": "sha256:e84a70bbcb5dc559d28c7bc65f1ef1af512485097ad89c6748249b173019975c",
        "filename": "MysticalAgriculture-1.12.2-1.7.5.jar"
      },
      {
        "signature": "sha256:0bb50f545b87f19087d9dbdb9930d6be2d66ee8c76d2a1982eef9e3d2bb43108",
        "filename": "BetterBuildersWands-1.12.2-0.13.2.271+5997513.jar"
      }
    ],
    "addedSignatures": [],
    "removedSignatures": [],
    "installedSignatures": [
      "sha256:f3ce670e0087f4c6b770fd05ae5c3dfd8462f74c62397932ea72954d1c6c8df4",
      "sha256:f4f0b7a1861a4b2f11c6dc5f315090ec411dce8a62df3347fd00a96f191fb2e9",
      "sha256:c70cda15d9c76cc79423399c1002977d6dfcc229128b33b87f25d5b4238bea34",
      "sha256:f3e5048dbe58f37f98f8130886ede880ac5b3333ee73cae2381c337e500c4bd1",
      "sha256:8ad82fe2dcf939cc2baef27cd66c80167459afef8f8c66dc8edc591ef2d5e152",
      "sha256:61f0c49d65e9040bf15dd3aa2d83f61ef63fd7561ca172ad4ce9fe3e528756e3",
      "sha256:d29f313101f814caa15c589ad1352579922ac588fc11500af2fabeeefbcc70a2",
      "sha256:0bb50f545b87f19087d9dbdb9930d6be2d66ee8c76d2a1982eef9e3d2bb43108"
    ],
    "uninstalledSignatures": [
      "sha256:e9ddecd4920ee9a57e11e4b43fb1dd395bbf37e276be726a99a2590272304124",
      "sha256:f0c699d83808fe952357b77b5396746cf55b7bdbe28a43800ba3a1f1091df41e"
    ],
    "workTime": 7608997.5,
    "language": "en_us",
    "locale": "",
    "timezone": "Europe/Helsinki",
    "branding": [
      "Minecraft 1.12.2",
      "MCP 9.42",
      "Powered by Forge 14.23.5.2855",
      "365 mods loaded, 365 mods active"
    ],
    "runtime": {
      "mcp": "MCP 9.42",
      "fml": "8.0.99.99",
      "forge": "14.23.5.2855"
    },
    "minecraft": "Minecraft 1.12.2",
    "javaVersion": "Oracle Corporation 1.8.0_51",
    "side": "client",
    "obfuscated": true,
    "type": "analytics"
  }
]